0,train_test_data/train/1297.png,1,0,0
1,train_test_data/train/1199.png,0,0,1
2,train_test_data/train/1348.png,1,0,0
3,train_test_data/train/2214.png,1,0,0
4,train_test_data/train/2220.png,1,0,0
5,train_test_data/train/731.png,0,0,1
6,train_test_data/train/1355.png,0,1,0
7,train_test_data/train/322.png,0,0,1
8,train_test_data/train/2194.png,1,0,0
9,train_test_data/train/1418.png,1,0,0
10,train_test_data/train/1808.png,0,0,1
11,train_test_data/train/1286.png,0,1,0
12,train_test_data/train/639.png,1,0,0
13,train_test_data/train/2262.png,1,0,0
14,train_test_data/train/2280.png,1,0,0
15,train_test_data/train/956.png,0,0,1
16,train_test_data/train/1384.png,0,0,1
17,train_test_data/train/1054.png,1,0,0
18,train_test_data/train/881.png,0,0,1
19,train_test_data/train/1109.png,0,0,1
20,train_test_data/train/1311.png,0,0,1
21,train_test_data/train/1957.png,1,0,0
22,train_test_data/train/377.png,0,1,0
23,train_test_data/train/468.png,1,0,0
24,train_test_data/train/1945.png,0,0,1
25,train_test_data/train/227.png,1,0,0
26,train_test_data/train/348.png,0,0,1
27,train_test_data/train/94.png,1,0,0
28,train_test_data/train/422.png,1,0,0
29,train_test_data/train/786.png,1,0,0
30,train_test_data/train/752.png,0,0,1
31,train_test_data/train/13.png,1,0,0
32,train_test_data/train/2074.png,1,0,0
33,train_test_data/train/1671.png,0,0,1
34,train_test_data/train/689.png,1,0,0
35,train_test_data/train/1356.png,0,0,1
36,train_test_data/train/218.png,1,0,0
37,train_test_data/train/2056.png,1,0,0
38,train_test_data/train/1520.png,1,0,0
39,train_test_data/train/1563.png,0,0,1
40,train_test_data/train/1173.png,0,0,1
41,train_test_data/train/708.png,0,0,1
42,train_test_data/train/1903.png,0,1,0
43,train_test_data/train/290.png,1,0,0
44,train_test_data/train/532.png,0,0,1
45,train_test_data/train/715.png,1,0,0
46,train_test_data/train/573.png,0,1,0
47,train_test_data/train/1068.png,0,0,1
48,train_test_data/train/1010.png,1,0,0
49,train_test_data/train/2081.png,1,0,0
50,train_test_data/train/1245.png,1,0,0
51,train_test_data/train/237.png,0,0,1
52,train_test_data/train/1254.png,1,0,0
53,train_test_data/train/478.png,1,0,0
54,train_test_data/train/2286.png,0,0,1
55,train_test_data/train/266.png,0,0,1
56,train_test_data/train/1557.png,0,0,1
57,train_test_data/train/1487.png,1,0,0
58,train_test_data/train/284.png,1,0,0
59,train_test_data/train/48.png,0,0,1
60,train_test_data/train/1895.png,1,0,0
61,train_test_data/train/73.png,0,0,1
62,train_test_data/train/942.png,0,0,1
63,train_test_data/train/389.png,1,0,0
64,train_test_data/train/258.png,1,0,0
65,train_test_data/train/369.png,0,1,0
66,train_test_data/train/1758.png,0,1,0
67,train_test_data/train/738.png,1,0,0
68,train_test_data/train/709.png,0,0,1
69,train_test_data/train/2023.png,1,0,0
70,train_test_data/train/2282.png,1,0,0
71,train_test_data/train/1632.png,0,1,0
72,train_test_data/train/1578.png,1,0,0
73,train_test_data/train/1755.png,1,0,0
74,train_test_data/train/1622.png,1,0,0
75,train_test_data/train/374.png,1,0,0
76,train_test_data/train/1344.png,0,1,0
77,train_test_data/train/397.png,0,0,1
78,train_test_data/train/1738.png,0,0,1
79,train_test_data/train/1085.png,0,1,0
80,train_test_data/train/1029.png,1,0,0
81,train_test_data/train/1623.png,1,0,0
82,train_test_data/train/2169.png,0,0,1
83,train_test_data/train/582.png,0,0,1
84,train_test_data/train/1917.png,1,0,0
85,train_test_data/train/1204.png,1,0,0
86,train_test_data/train/1753.png,1,0,0
87,train_test_data/train/2237.png,0,0,1
88,train_test_data/train/1219.png,0,0,1
89,train_test_data/train/840.png,0,0,1
90,train_test_data/train/1432.png,0,0,1
91,train_test_data/train/480.png,1,0,0
92,train_test_data/train/1534.png,0,0,1
93,train_test_data/train/1923.png,0,1,0
94,train_test_data/train/905.png,0,0,1
95,train_test_data/train/1887.png,0,0,1
96,train_test_data/train/83.png,0,0,1
97,train_test_data/train/871.png,1,0,0
98,train_test_data/train/2045.png,0,0,1
99,train_test_data/train/733.png,0,0,1
100,train_test_data/train/2209.png,1,0,0
101,train_test_data/train/1107.png,1,0,0
102,train_test_data/train/95.png,1,0,0
103,train_test_data/train/1905.png,0,0,1
104,train_test_data/train/2231.png,1,0,0
105,train_test_data/train/1339.png,1,0,0
106,train_test_data/train/548.png,1,0,0
107,train_test_data/train/768.png,0,0,1
108,train_test_data/train/633.png,0,1,0
109,train_test_data/train/1142.png,1,0,0
110,train_test_data/train/231.png,1,0,0
111,train_test_data/train/751.png,0,0,1
112,train_test_data/train/812.png,1,0,0
113,train_test_data/train/2059.png,1,0,0
114,train_test_data/train/2158.png,0,1,0
115,train_test_data/train/168.png,1,0,0
116,train_test_data/train/340.png,1,0,0
117,train_test_data/train/1422.png,1,0,0
118,train_test_data/train/2154.png,1,0,0
119,train_test_data/train/1185.png,1,0,0
120,train_test_data/train/1280.png,0,0,1
121,train_test_data/train/2240.png,0,0,1
122,train_test_data/train/1003.png,1,0,0
123,train_test_data/train/1393.png,1,0,0
124,train_test_data/train/1103.png,0,0,1
125,train_test_data/train/319.png,1,0,0
126,train_test_data/train/1506.png,0,0,1
127,train_test_data/train/1748.png,0,1,0
128,train_test_data/train/1319.png,1,0,0
129,train_test_data/train/321.png,1,0,0
130,train_test_data/train/1760.png,0,0,1
131,train_test_data/train/954.png,1,0,0
132,train_test_data/train/310.png,1,0,0
133,train_test_data/train/2270.png,0,0,1
134,train_test_data/train/1346.png,1,0,0
135,train_test_data/train/1488.png,1,0,0
136,train_test_data/train/680.png,1,0,0
137,train_test_data/train/1320.png,1,0,0
138,train_test_data/train/749.png,1,0,0
139,train_test_data/train/1061.png,1,0,0
140,train_test_data/train/2058.png,1,0,0
141,train_test_data/train/485.png,0,0,1
142,train_test_data/train/1570.png,1,0,0
143,train_test_data/train/248.png,1,0,0
144,train_test_data/train/1310.png,1,0,0
145,train_test_data/train/1849.png,0,1,0
146,train_test_data/train/545.png,0,1,0
147,train_test_data/train/1581.png,0,1,0
148,train_test_data/train/2332.png,0,1,0
149,train_test_data/train/762.png,1,0,0
150,train_test_data/train/2196.png,0,0,1
151,train_test_data/train/18.png,0,0,1
152,train_test_data/train/1457.png,0,0,1
153,train_test_data/train/461.png,0,1,0
154,train_test_data/train/1379.png,1,0,0
155,train_test_data/train/672.png,0,0,1
156,train_test_data/train/431.png,1,0,0
157,train_test_data/train/1991.png,0,0,1
158,train_test_data/train/479.png,1,0,0
159,train_test_data/train/2018.png,0,0,1
160,train_test_data/train/2340.png,0,0,1
161,train_test_data/train/304.png,0,0,1
162,train_test_data/train/624.png,0,0,1
163,train_test_data/train/691.png,1,0,0
164,train_test_data/train/2258.png,0,0,1
165,train_test_data/train/1302.png,0,0,1
166,train_test_data/train/254.png,0,0,1
167,train_test_data/train/1474.png,1,0,0
168,train_test_data/train/2323.png,0,0,1
169,train_test_data/train/1409.png,0,1,0
170,train_test_data/train/72.png,0,0,1
171,train_test_data/train/932.png,0,1,0
172,train_test_data/train/811.png,1,0,0
173,train_test_data/train/997.png,0,0,1
174,train_test_data/train/1959.png,1,0,0
175,train_test_data/train/1764.png,0,1,0
176,train_test_data/train/193.png,1,0,0
177,train_test_data/train/1867.png,0,0,1
178,train_test_data/train/1073.png,0,0,1
179,train_test_data/train/1444.png,0,0,1
180,train_test_data/train/1524.png,1,0,0
181,train_test_data/train/1169.png,1,0,0
182,train_test_data/train/21.png,1,0,0
183,train_test_data/train/2104.png,0,0,1
184,train_test_data/train/492.png,1,0,0
185,train_test_data/train/354.png,0,0,1
186,train_test_data/train/1556.png,0,1,0
187,train_test_data/train/1126.png,1,0,0
188,train_test_data/train/1228.png,1,0,0
189,train_test_data/train/982.png,1,0,0
190,train_test_data/train/1183.png,1,0,0
191,train_test_data/train/850.png,0,0,1
192,train_test_data/train/653.png,0,0,1
193,train_test_data/train/1776.png,1,0,0
194,train_test_data/train/2061.png,1,0,0
195,train_test_data/train/282.png,1,0,0
196,train_test_data/train/1705.png,0,0,1
197,train_test_data/train/2095.png,0,0,1
198,train_test_data/train/1561.png,1,0,0
199,train_test_data/train/2246.png,1,0,0
200,train_test_data/train/1726.png,1,0,0
201,train_test_data/train/941.png,0,0,1
202,train_test_data/train/970.png,0,0,1
203,train_test_data/train/797.png,0,0,1
204,train_test_data/train/2117.png,1,0,0
205,train_test_data/train/192.png,1,0,0
206,train_test_data/train/490.png,1,0,0
207,train_test_data/train/1189.png,1,0,0
208,train_test_data/train/1799.png,1,0,0
209,train_test_data/train/1992.png,1,0,0
210,train_test_data/train/1851.png,0,0,1
211,train_test_data/train/821.png,1,0,0
212,train_test_data/train/1770.png,0,0,1
213,train_test_data/train/1577.png,1,0,0
214,train_test_data/train/1602.png,0,0,1
215,train_test_data/train/1922.png,0,0,1
216,train_test_data/train/1203.png,1,0,0
217,train_test_data/train/363.png,0,0,1
218,train_test_data/train/1954.png,1,0,0
219,train_test_data/train/96.png,1,0,0
220,train_test_data/train/567.png,0,1,0
221,train_test_data/train/335.png,1,0,0
222,train_test_data/train/357.png,1,0,0
223,train_test_data/train/171.png,1,0,0
224,train_test_data/train/1999.png,1,0,0
225,train_test_data/train/555.png,1,0,0
226,train_test_data/train/792.png,0,0,1
227,train_test_data/train/108.png,0,0,1
228,train_test_data/train/985.png,0,0,1
229,train_test_data/train/2297.png,1,0,0
230,train_test_data/train/1648.png,1,0,0
231,train_test_data/train/224.png,1,0,0
232,train_test_data/train/687.png,0,0,1
233,train_test_data/train/313.png,1,0,0
234,train_test_data/train/1100.png,1,0,0
235,train_test_data/train/1619.png,0,1,0
236,train_test_data/train/2175.png,1,0,0
237,train_test_data/train/664.png,1,0,0
238,train_test_data/train/329.png,1,0,0
239,train_test_data/train/2166.png,1,0,0
240,train_test_data/train/837.png,1,0,0
241,train_test_data/train/2149.png,1,0,0
242,train_test_data/train/1184.png,1,0,0
243,train_test_data/train/1214.png,1,0,0
244,train_test_data/train/2277.png,0,0,1
245,train_test_data/train/276.png,1,0,0
246,train_test_data/train/386.png,1,0,0
247,train_test_data/train/2099.png,0,0,1
248,train_test_data/train/1510.png,1,0,0
249,train_test_data/train/2053.png,1,0,0
250,train_test_data/train/50.png,0,1,0
251,train_test_data/train/1062.png,0,0,1
252,train_test_data/train/2324.png,1,0,0
253,train_test_data/train/398.png,0,0,1
254,train_test_data/train/1775.png,1,0,0
255,train_test_data/train/634.png,1,0,0
256,train_test_data/train/935.png,0,1,0
257,train_test_data/train/1465.png,1,0,0
258,train_test_data/train/139.png,0,1,0
259,train_test_data/train/1902.png,1,0,0
260,train_test_data/train/972.png,0,0,1
261,train_test_data/train/1144.png,0,0,1
262,train_test_data/train/1108.png,1,0,0
263,train_test_data/train/801.png,1,0,0
264,train_test_data/train/1715.png,1,0,0
265,train_test_data/train/992.png,1,0,0
266,train_test_data/train/1455.png,1,0,0
267,train_test_data/train/1663.png,1,0,0
268,train_test_data/train/1140.png,1,0,0
269,train_test_data/train/2317.png,0,0,1
270,train_test_data/train/1190.png,1,0,0
271,train_test_data/train/1166.png,1,0,0
272,train_test_data/train/186.png,1,0,0
273,train_test_data/train/1703.png,1,0,0
274,train_test_data/train/2136.png,0,0,1
275,train_test_data/train/2151.png,0,0,1
276,train_test_data/train/2038.png,1,0,0
277,train_test_data/train/618.png,1,0,0
278,train_test_data/train/1406.png,0,0,1
279,train_test_data/train/462.png,1,0,0
280,train_test_data/train/1033.png,1,0,0
281,train_test_data/train/1092.png,0,0,1
282,train_test_data/train/2177.png,0,0,1
283,train_test_data/train/1205.png,1,0,0
284,train_test_data/train/1786.png,0,0,1
285,train_test_data/train/1421.png,1,0,0
286,train_test_data/train/804.png,0,0,1
287,train_test_data/train/924.png,1,0,0
288,train_test_data/train/541.png,0,0,1
289,train_test_data/train/993.png,0,0,1
290,train_test_data/train/1497.png,1,0,0
291,train_test_data/train/1611.png,0,0,1
292,train_test_data/train/2118.png,1,0,0
293,train_test_data/train/803.png,1,0,0
294,train_test_data/train/617.png,0,1,0
295,train_test_data/train/543.png,0,1,0
296,train_test_data/train/853.png,1,0,0
297,train_test_data/train/581.png,0,0,1
298,train_test_data/train/1327.png,1,0,0
299,train_test_data/train/2218.png,1,0,0
300,train_test_data/train/59.png,1,0,0
301,train_test_data/train/1961.png,0,1,0
302,train_test_data/train/1872.png,1,0,0
303,train_test_data/train/879.png,0,1,0
304,train_test_data/train/575.png,1,0,0
305,train_test_data/train/1815.png,1,0,0
306,train_test_data/train/1090.png,0,0,1
307,train_test_data/train/1347.png,1,0,0
308,train_test_data/train/1377.png,0,1,0
309,train_test_data/train/1876.png,0,0,1
310,train_test_data/train/1859.png,0,0,1
311,train_test_data/train/1900.png,0,0,1
312,train_test_data/train/1299.png,1,0,0
313,train_test_data/train/1423.png,1,0,0
314,train_test_data/train/742.png,1,0,0
315,train_test_data/train/2320.png,1,0,0
316,train_test_data/train/362.png,0,0,1
317,train_test_data/train/22.png,0,0,1
318,train_test_data/train/180.png,1,0,0
319,train_test_data/train/209.png,1,0,0
320,train_test_data/train/1447.png,1,0,0
321,train_test_data/train/1998.png,1,0,0
322,train_test_data/train/2289.png,1,0,0
323,train_test_data/train/1532.png,0,0,1
324,train_test_data/train/1130.png,1,0,0
325,train_test_data/train/1332.png,0,0,1
326,train_test_data/train/2084.png,1,0,0
327,train_test_data/train/303.png,1,0,0
328,train_test_data/train/2129.png,1,0,0
329,train_test_data/train/142.png,1,0,0
330,train_test_data/train/1321.png,1,0,0
331,train_test_data/train/967.png,1,0,0
332,train_test_data/train/164.png,0,0,1
333,train_test_data/train/2156.png,0,1,0
334,train_test_data/train/2010.png,1,0,0
335,train_test_data/train/1645.png,1,0,0
336,train_test_data/train/1292.png,0,0,1
337,train_test_data/train/1354.png,0,1,0
338,train_test_data/train/1077.png,1,0,0
339,train_test_data/train/1074.png,0,0,1
340,train_test_data/train/246.png,1,0,0
341,train_test_data/train/607.png,1,0,0
342,train_test_data/train/1020.png,1,0,0
343,train_test_data/train/1186.png,1,0,0
344,train_test_data/train/1456.png,1,0,0
345,train_test_data/train/1916.png,1,0,0
346,train_test_data/train/86.png,0,0,1
347,train_test_data/train/1147.png,1,0,0
348,train_test_data/train/498.png,0,0,1
349,train_test_data/train/1045.png,1,0,0
350,train_test_data/train/2333.png,1,0,0
351,train_test_data/train/1937.png,1,0,0
352,train_test_data/train/1944.png,1,0,0
353,train_test_data/train/816.png,1,0,0
354,train_test_data/train/2314.png,1,0,0
355,train_test_data/train/166.png,1,0,0
356,train_test_data/train/1496.png,0,1,0
357,train_test_data/train/1863.png,1,0,0
358,train_test_data/train/1785.png,0,0,1
359,train_test_data/train/1443.png,0,0,1
360,train_test_data/train/134.png,0,0,1
361,train_test_data/train/1948.png,0,1,0
362,train_test_data/train/796.png,1,0,0
363,train_test_data/train/1741.png,1,0,0
364,train_test_data/train/834.png,1,0,0
365,train_test_data/train/1678.png,0,0,1
366,train_test_data/train/1177.png,1,0,0
367,train_test_data/train/263.png,1,0,0
368,train_test_data/train/2040.png,0,0,1
369,train_test_data/train/1473.png,1,0,0
370,train_test_data/train/802.png,1,0,0
371,train_test_data/train/1042.png,1,0,0
372,train_test_data/train/1930.png,1,0,0
373,train_test_data/train/1159.png,0,1,0
374,train_test_data/train/682.png,1,0,0
375,train_test_data/train/130.png,1,0,0
376,train_test_data/train/528.png,0,0,1
377,train_test_data/train/1246.png,1,0,0
378,train_test_data/train/1277.png,0,0,1
379,train_test_data/train/1500.png,1,0,0
380,train_test_data/train/2075.png,0,1,0
381,train_test_data/train/1008.png,1,0,0
382,train_test_data/train/361.png,1,0,0
383,train_test_data/train/858.png,1,0,0
384,train_test_data/train/1637.png,0,0,1
385,train_test_data/train/482.png,1,0,0
386,train_test_data/train/297.png,1,0,0
387,train_test_data/train/661.png,0,0,1
388,train_test_data/train/965.png,1,0,0
389,train_test_data/train/2210.png,0,0,1
390,train_test_data/train/789.png,0,0,1
391,train_test_data/train/471.png,1,0,0
392,train_test_data/train/662.png,1,0,0
393,train_test_data/train/1720.png,1,0,0
394,train_test_data/train/2217.png,0,0,1
395,train_test_data/train/1817.png,0,0,1
396,train_test_data/train/2346.png,0,0,1
397,train_test_data/train/1118.png,0,0,1
398,train_test_data/train/1759.png,0,0,1
399,train_test_data/train/1554.png,1,0,0
400,train_test_data/train/2234.png,1,0,0
401,train_test_data/train/1227.png,0,0,1
402,train_test_data/train/1059.png,0,0,1
403,train_test_data/train/1197.png,1,0,0
404,train_test_data/train/1313.png,0,1,0
405,train_test_data/train/1650.png,1,0,0
406,train_test_data/train/1667.png,1,0,0
407,train_test_data/train/1749.png,0,0,1
408,train_test_data/train/946.png,1,0,0
409,train_test_data/train/831.png,1,0,0
410,train_test_data/train/1296.png,1,0,0
411,train_test_data/train/554.png,1,0,0
412,train_test_data/train/487.png,1,0,0
413,train_test_data/train/415.png,1,0,0
414,train_test_data/train/194.png,1,0,0
415,train_test_data/train/1864.png,1,0,0
416,train_test_data/train/2187.png,1,0,0
417,train_test_data/train/576.png,1,0,0
418,train_test_data/train/261.png,1,0,0
419,train_test_data/train/1065.png,0,0,1
420,train_test_data/train/1365.png,1,0,0
421,train_test_data/train/1132.png,1,0,0
422,train_test_data/train/447.png,0,0,1
423,train_test_data/train/991.png,0,0,1
424,train_test_data/train/349.png,1,0,0
425,train_test_data/train/2108.png,1,0,0
426,train_test_data/train/38.png,1,0,0
427,train_test_data/train/1175.png,1,0,0
428,train_test_data/train/62.png,1,0,0
429,train_test_data/train/302.png,0,0,1
430,train_test_data/train/1566.png,1,0,0
431,train_test_data/train/1383.png,0,0,1
432,train_test_data/train/782.png,1,0,0
433,train_test_data/train/2276.png,1,0,0
434,train_test_data/train/790.png,0,0,1
435,train_test_data/train/390.png,1,0,0
436,train_test_data/train/669.png,0,1,0
437,train_test_data/train/1628.png,0,0,1
438,train_test_data/train/599.png,1,0,0
439,train_test_data/train/288.png,0,0,1
440,train_test_data/train/1871.png,1,0,0
441,train_test_data/train/1477.png,0,0,1
442,train_test_data/train/1783.png,0,0,1
443,train_test_data/train/1495.png,1,0,0
444,train_test_data/train/1508.png,1,0,0
445,train_test_data/train/2027.png,1,0,0
446,train_test_data/train/530.png,1,0,0
447,train_test_data/train/793.png,0,0,1
448,train_test_data/train/1626.png,0,0,1
449,train_test_data/train/2106.png,1,0,0
450,train_test_data/train/1535.png,1,0,0
451,train_test_data/train/172.png,1,0,0
452,train_test_data/train/1967.png,0,1,0
453,train_test_data/train/658.png,0,0,1
454,train_test_data/train/1476.png,1,0,0
455,train_test_data/train/2115.png,1,0,0
456,train_test_data/train/122.png,0,0,1
457,train_test_data/train/600.png,1,0,0
458,train_test_data/train/2157.png,1,0,0
459,train_test_data/train/144.png,1,0,0
460,train_test_data/train/2199.png,1,0,0
461,train_test_data/train/564.png,0,0,1
462,train_test_data/train/1018.png,0,0,1
463,train_test_data/train/1980.png,1,0,0
464,train_test_data/train/440.png,1,0,0
465,train_test_data/train/382.png,0,0,1
466,train_test_data/train/70.png,1,0,0
467,train_test_data/train/410.png,1,0,0
468,train_test_data/train/396.png,0,0,1
469,train_test_data/train/1886.png,1,0,0
470,train_test_data/train/1913.png,0,0,1
471,train_test_data/train/640.png,0,0,1
472,train_test_data/train/1896.png,1,0,0
473,train_test_data/train/670.png,0,1,0
474,train_test_data/train/278.png,1,0,0
475,train_test_data/train/1441.png,1,0,0
476,train_test_data/train/437.png,1,0,0
477,train_test_data/train/826.png,0,0,1
478,train_test_data/train/2090.png,1,0,0
479,train_test_data/train/1080.png,0,0,1
480,train_test_data/train/869.png,0,0,1
481,train_test_data/train/175.png,0,0,1
482,train_test_data/train/973.png,1,0,0
483,train_test_data/train/608.png,0,0,1
484,train_test_data/train/2165.png,1,0,0
485,train_test_data/train/1846.png,0,0,1
486,train_test_data/train/182.png,0,0,1
487,train_test_data/train/1226.png,0,0,1
488,train_test_data/train/1583.png,1,0,0
489,train_test_data/train/649.png,1,0,0
490,train_test_data/train/2284.png,0,0,1
491,train_test_data/train/645.png,1,0,0
492,train_test_data/train/2089.png,1,0,0
493,train_test_data/train/2178.png,0,0,1
494,train_test_data/train/1503.png,0,0,1
495,train_test_data/train/1419.png,1,0,0
496,train_test_data/train/929.png,1,0,0
497,train_test_data/train/718.png,1,0,0
498,train_test_data/train/1481.png,0,0,1
499,train_test_data/train/571.png,0,0,1
500,train_test_data/train/8.png,0,0,1
501,train_test_data/train/12.png,0,0,1
502,train_test_data/train/98.png,0,0,1
503,train_test_data/train/818.png,0,1,0
504,train_test_data/train/364.png,1,0,0
505,train_test_data/train/963.png,0,1,0
506,train_test_data/train/2083.png,0,0,1
507,train_test_data/train/90.png,1,0,0
508,train_test_data/train/1928.png,0,0,1
509,train_test_data/train/1338.png,1,0,0
510,train_test_data/train/861.png,0,0,1
511,train_test_data/train/2238.png,1,0,0
512,train_test_data/train/1540.png,1,0,0
513,train_test_data/train/1717.png,0,0,1
514,train_test_data/train/729.png,0,0,1
515,train_test_data/train/1964.png,1,0,0
516,train_test_data/train/784.png,1,0,0
517,train_test_data/train/2261.png,0,0,1
518,train_test_data/train/772.png,0,0,1
519,train_test_data/train/832.png,1,0,0
520,train_test_data/train/771.png,1,0,0
521,train_test_data/train/2113.png,1,0,0
522,train_test_data/train/1682.png,1,0,0
523,train_test_data/train/262.png,1,0,0
524,train_test_data/train/695.png,0,0,1
525,train_test_data/train/722.png,1,0,0
526,train_test_data/train/512.png,1,0,0
527,train_test_data/train/1242.png,1,0,0
528,train_test_data/train/1051.png,0,0,1
529,train_test_data/train/402.png,0,0,1
530,train_test_data/train/1019.png,0,0,1
531,train_test_data/train/2116.png,1,0,0
532,train_test_data/train/436.png,1,0,0
533,train_test_data/train/1162.png,1,0,0
534,train_test_data/train/2137.png,0,0,1
535,train_test_data/train/416.png,1,0,0
536,train_test_data/train/1283.png,0,0,1
537,train_test_data/train/1656.png,0,0,1
538,train_test_data/train/569.png,0,0,1
539,train_test_data/train/2109.png,0,1,0
540,train_test_data/train/502.png,1,0,0
541,train_test_data/train/2334.png,1,0,0
542,train_test_data/train/2180.png,1,0,0
543,train_test_data/train/210.png,1,0,0
544,train_test_data/train/809.png,1,0,0
545,train_test_data/train/213.png,0,0,1
546,train_test_data/train/240.png,1,0,0
547,train_test_data/train/1523.png,0,0,1
548,train_test_data/train/597.png,1,0,0
549,train_test_data/train/124.png,0,1,0
550,train_test_data/train/589.png,0,0,1
551,train_test_data/train/815.png,1,0,0
552,train_test_data/train/2299.png,1,0,0
553,train_test_data/train/1890.png,0,1,0
554,train_test_data/train/1925.png,0,1,0
555,train_test_data/train/1256.png,0,0,1
556,train_test_data/train/274.png,0,0,1
557,train_test_data/train/2310.png,1,0,0
558,train_test_data/train/260.png,0,0,1
559,train_test_data/train/2041.png,1,0,0
560,train_test_data/train/1600.png,0,0,1
561,train_test_data/train/2183.png,0,1,0
562,train_test_data/train/199.png,1,0,0
563,train_test_data/train/85.png,1,0,0
564,train_test_data/train/105.png,1,0,0
565,train_test_data/train/393.png,0,1,0
566,train_test_data/train/2077.png,1,0,0
567,train_test_data/train/585.png,1,0,0
568,train_test_data/train/1911.png,0,0,1
569,train_test_data/train/590.png,0,0,1
570,train_test_data/train/151.png,1,0,0
571,train_test_data/train/1324.png,1,0,0
572,train_test_data/train/1545.png,0,0,1
573,train_test_data/train/1587.png,1,0,0
574,train_test_data/train/1462.png,0,0,1
575,train_test_data/train/133.png,0,1,0
576,train_test_data/train/2318.png,1,0,0
577,train_test_data/train/2233.png,1,0,0
578,train_test_data/train/2006.png,0,0,1
579,train_test_data/train/420.png,1,0,0
580,train_test_data/train/2250.png,0,1,0
581,train_test_data/train/2224.png,1,0,0
582,train_test_data/train/113.png,0,0,1
583,train_test_data/train/1528.png,1,0,0
584,train_test_data/train/735.png,0,0,1
585,train_test_data/train/606.png,1,0,0
586,train_test_data/train/1603.png,0,0,1
587,train_test_data/train/2086.png,0,0,1
588,train_test_data/train/435.png,0,1,0
589,train_test_data/train/1842.png,1,0,0
590,train_test_data/train/123.png,1,0,0
591,train_test_data/train/2253.png,1,0,0
592,train_test_data/train/927.png,0,1,0
593,train_test_data/train/723.png,0,0,1
594,train_test_data/train/1977.png,1,0,0
595,train_test_data/train/1702.png,0,1,0
596,train_test_data/train/1367.png,1,0,0
597,train_test_data/train/1835.png,0,0,1
598,train_test_data/train/325.png,0,1,0
599,train_test_data/train/465.png,0,0,1
600,train_test_data/train/47.png,0,1,0
601,train_test_data/train/1512.png,1,0,0
602,train_test_data/train/1823.png,0,0,1
603,train_test_data/train/110.png,0,0,1
604,train_test_data/train/1478.png,1,0,0
605,train_test_data/train/376.png,1,0,0
606,train_test_data/train/1337.png,1,0,0
607,train_test_data/train/1962.png,0,0,1
608,train_test_data/train/355.png,0,1,0
609,train_test_data/train/1862.png,1,0,0
610,train_test_data/train/1096.png,0,0,1
611,train_test_data/train/2295.png,0,1,0
612,train_test_data/train/701.png,0,0,1
613,train_test_data/train/1491.png,0,0,1
614,train_test_data/train/2007.png,1,0,0
615,train_test_data/train/1827.png,1,0,0
616,train_test_data/train/53.png,0,1,0
617,train_test_data/train/1735.png,1,0,0
618,train_test_data/train/385.png,0,0,1
619,train_test_data/train/627.png,1,0,0
620,train_test_data/train/1471.png,0,0,1
621,train_test_data/train/1114.png,1,0,0
622,train_test_data/train/822.png,1,0,0
623,train_test_data/train/1908.png,0,0,1
624,train_test_data/train/1673.png,1,0,0
625,train_test_data/train/2190.png,0,0,1
626,train_test_data/train/1030.png,0,0,1
627,train_test_data/train/1816.png,1,0,0
628,train_test_data/train/1392.png,0,0,1
629,train_test_data/train/1676.png,1,0,0
630,train_test_data/train/1791.png,0,0,1
631,train_test_data/train/2227.png,0,1,0
632,train_test_data/train/1549.png,1,0,0
633,train_test_data/train/1987.png,1,0,0
634,train_test_data/train/1014.png,0,0,1
635,train_test_data/train/2263.png,0,0,1
636,train_test_data/train/1765.png,1,0,0
637,train_test_data/train/978.png,1,0,0
638,train_test_data/train/688.png,1,0,0
639,train_test_data/train/1088.png,0,0,1
640,train_test_data/train/1856.png,1,0,0
641,train_test_data/train/2230.png,1,0,0
642,train_test_data/train/495.png,0,0,1
643,train_test_data/train/1499.png,1,0,0
644,train_test_data/train/279.png,1,0,0
645,train_test_data/train/1754.png,0,1,0
646,train_test_data/train/2241.png,0,0,1
647,train_test_data/train/1376.png,1,0,0
648,train_test_data/train/1082.png,0,0,1
649,train_test_data/train/341.png,0,0,1
650,train_test_data/train/911.png,0,0,1
651,train_test_data/train/944.png,0,0,1
652,train_test_data/train/948.png,0,0,1
653,train_test_data/train/1833.png,1,0,0
654,train_test_data/train/1904.png,1,0,0
655,train_test_data/train/1350.png,1,0,0
656,train_test_data/train/1052.png,0,0,1
657,train_test_data/train/2285.png,1,0,0
658,train_test_data/train/1841.png,0,0,1
659,train_test_data/train/901.png,1,0,0
660,train_test_data/train/2033.png,1,0,0
661,train_test_data/train/2335.png,0,0,1
662,train_test_data/train/1576.png,0,0,1
663,train_test_data/train/1314.png,1,0,0
664,train_test_data/train/200.png,1,0,0
665,train_test_data/train/511.png,0,0,1
666,train_test_data/train/226.png,1,0,0
667,train_test_data/train/671.png,1,0,0
668,train_test_data/train/756.png,0,0,1
669,train_test_data/train/2025.png,1,0,0
670,train_test_data/train/203.png,1,0,0
671,train_test_data/train/1696.png,0,0,1
672,train_test_data/train/1797.png,0,0,1
673,train_test_data/train/943.png,0,0,1
674,train_test_data/train/2325.png,0,0,1
675,train_test_data/train/1237.png,0,0,1
676,train_test_data/train/2296.png,0,0,1
677,train_test_data/train/1326.png,0,0,1
678,train_test_data/train/1060.png,1,0,0
679,train_test_data/train/127.png,0,0,1
680,train_test_data/train/1087.png,0,0,1
681,train_test_data/train/456.png,1,0,0
682,train_test_data/train/1121.png,1,0,0
683,train_test_data/train/999.png,0,1,0
684,train_test_data/train/740.png,0,1,0
685,train_test_data/train/824.png,0,0,1
686,train_test_data/train/1442.png,1,0,0
687,train_test_data/train/1778.png,0,0,1
688,train_test_data/train/1046.png,1,0,0
689,train_test_data/train/257.png,1,0,0
690,train_test_data/train/2031.png,1,0,0
691,train_test_data/train/244.png,1,0,0
692,train_test_data/train/1695.png,0,0,1
693,train_test_data/train/702.png,1,0,0
694,train_test_data/train/2130.png,0,0,1
695,train_test_data/train/1536.png,0,1,0
696,train_test_data/train/2070.png,1,0,0
697,train_test_data/train/1225.png,0,0,1
698,train_test_data/train/2313.png,1,0,0
699,train_test_data/train/1812.png,1,0,0
700,train_test_data/train/766.png,0,0,1
701,train_test_data/train/148.png,0,1,0
702,train_test_data/train/750.png,0,0,1
703,train_test_data/train/1426.png,0,0,1
704,train_test_data/train/1161.png,0,1,0
705,train_test_data/train/112.png,0,1,0
706,train_test_data/train/160.png,0,0,1
707,train_test_data/train/1855.png,1,0,0
708,train_test_data/train/1584.png,1,0,0
709,train_test_data/train/331.png,1,0,0
710,train_test_data/train/1504.png,1,0,0
711,train_test_data/train/1038.png,0,1,0
712,train_test_data/train/1385.png,0,1,0
713,train_test_data/train/854.png,1,0,0
714,train_test_data/train/1688.png,0,0,1
715,train_test_data/train/506.png,1,0,0
716,train_test_data/train/2105.png,1,0,0
717,train_test_data/train/2005.png,0,0,1
718,train_test_data/train/1618.png,0,1,0
719,train_test_data/train/2141.png,1,0,0
720,train_test_data/train/2043.png,1,0,0
721,train_test_data/train/1993.png,0,0,1
722,train_test_data/train/553.png,0,0,1
723,train_test_data/train/235.png,0,0,1
724,train_test_data/train/196.png,0,0,1
725,train_test_data/train/1293.png,1,0,0
726,train_test_data/train/1272.png,0,0,1
727,train_test_data/train/1711.png,0,1,0
728,train_test_data/train/16.png,1,0,0
729,train_test_data/train/566.png,1,0,0
730,train_test_data/train/891.png,0,0,1
731,train_test_data/train/1777.png,1,0,0
732,train_test_data/train/971.png,0,1,0
733,train_test_data/train/189.png,1,0,0
734,train_test_data/train/381.png,0,0,1
735,train_test_data/train/613.png,1,0,0
736,train_test_data/train/1466.png,1,0,0
737,train_test_data/train/540.png,0,0,1
738,train_test_data/train/1022.png,1,0,0
739,train_test_data/train/950.png,0,0,1
740,train_test_data/train/1394.png,0,0,1
741,train_test_data/train/1870.png,1,0,0
742,train_test_data/train/642.png,0,1,0
743,train_test_data/train/1015.png,0,1,0
744,train_test_data/train/265.png,1,0,0
745,train_test_data/train/1400.png,1,0,0
746,train_test_data/train/2168.png,0,0,1
747,train_test_data/train/1686.png,0,0,1
748,train_test_data/train/1127.png,1,0,0
749,train_test_data/train/1037.png,0,0,1
750,train_test_data/train/1839.png,0,0,1
751,train_test_data/train/2200.png,0,0,1
752,train_test_data/train/1762.png,0,0,1
753,train_test_data/train/25.png,1,0,0
754,train_test_data/train/632.png,0,0,1
755,train_test_data/train/1963.png,1,0,0
756,train_test_data/train/29.png,1,0,0
757,train_test_data/train/1989.png,0,1,0
758,train_test_data/train/719.png,1,0,0
759,train_test_data/train/2281.png,1,0,0
760,train_test_data/train/102.png,0,1,0
761,train_test_data/train/1669.png,0,0,1
762,train_test_data/train/1040.png,0,0,1
763,train_test_data/train/2226.png,0,0,1
764,train_test_data/train/717.png,1,0,0
765,train_test_data/train/1167.png,0,0,1
766,train_test_data/train/1193.png,1,0,0
767,train_test_data/train/659.png,1,0,0
768,train_test_data/train/2202.png,0,0,1
769,train_test_data/train/191.png,0,1,0
770,train_test_data/train/383.png,1,0,0
771,train_test_data/train/212.png,0,0,1
772,train_test_data/train/958.png,0,0,1
773,train_test_data/train/980.png,1,0,0
774,train_test_data/train/419.png,1,0,0
775,train_test_data/train/286.png,1,0,0
776,train_test_data/train/1360.png,0,0,1
777,train_test_data/train/269.png,0,0,1
778,train_test_data/train/598.png,0,0,1
779,train_test_data/train/1813.png,0,0,1
780,train_test_data/train/611.png,1,0,0
781,train_test_data/train/2244.png,0,0,1
782,train_test_data/train/1428.png,0,1,0
783,train_test_data/train/1195.png,0,0,1
784,train_test_data/train/724.png,1,0,0
785,train_test_data/train/558.png,1,0,0
786,train_test_data/train/668.png,0,0,1
787,train_test_data/train/1056.png,0,0,1
788,train_test_data/train/655.png,1,0,0
789,train_test_data/train/996.png,1,0,0
790,train_test_data/train/698.png,0,0,1
791,train_test_data/train/242.png,0,0,1
792,train_test_data/train/592.png,0,0,1
793,train_test_data/train/995.png,1,0,0
794,train_test_data/train/2247.png,1,0,0
795,train_test_data/train/236.png,0,0,1
796,train_test_data/train/79.png,1,0,0
797,train_test_data/train/56.png,0,0,1
798,train_test_data/train/1591.png,1,0,0
799,train_test_data/train/433.png,1,0,0
800,train_test_data/train/1123.png,0,1,0
801,train_test_data/train/1194.png,0,1,0
802,train_test_data/train/686.png,0,0,1
803,train_test_data/train/60.png,1,0,0
804,train_test_data/train/908.png,0,0,1
805,train_test_data/train/491.png,0,1,0
806,train_test_data/train/1640.png,0,1,0
807,train_test_data/train/847.png,0,0,1
808,train_test_data/train/2293.png,1,0,0
809,train_test_data/train/1137.png,1,0,0
810,train_test_data/train/1155.png,1,0,0
811,train_test_data/train/1733.png,0,0,1
812,train_test_data/train/307.png,1,0,0
813,train_test_data/train/814.png,1,0,0
814,train_test_data/train/798.png,0,0,1
815,train_test_data/train/1317.png,0,0,1
816,train_test_data/train/1353.png,1,0,0
817,train_test_data/train/720.png,1,0,0
818,train_test_data/train/862.png,1,0,0
819,train_test_data/train/360.png,1,0,0
820,train_test_data/train/683.png,0,0,1
821,train_test_data/train/2065.png,1,0,0
822,train_test_data/train/2132.png,1,0,0
823,train_test_data/train/572.png,0,0,1
824,train_test_data/train/1756.png,1,0,0
825,train_test_data/train/1675.png,0,0,1
826,train_test_data/train/1834.png,0,0,1
827,train_test_data/train/676.png,1,0,0
828,train_test_data/train/2303.png,1,0,0
829,train_test_data/train/1420.png,0,0,1
830,train_test_data/train/746.png,0,0,1
831,train_test_data/train/283.png,0,0,1
832,train_test_data/train/1550.png,1,0,0
833,train_test_data/train/1996.png,0,0,1
834,train_test_data/train/1095.png,1,0,0
835,train_test_data/train/1239.png,0,0,1
836,train_test_data/train/1430.png,0,0,1
837,train_test_data/train/1307.png,0,0,1
838,train_test_data/train/2173.png,0,1,0
839,train_test_data/train/1857.png,0,1,0
840,train_test_data/train/1607.png,0,0,1
841,train_test_data/train/1244.png,1,0,0
842,train_test_data/train/326.png,0,1,0
843,train_test_data/train/1889.png,1,0,0
844,train_test_data/train/19.png,1,0,0
845,train_test_data/train/1898.png,0,0,1
846,train_test_data/train/1526.png,0,1,0
847,train_test_data/train/1483.png,0,1,0
848,train_test_data/train/757.png,0,0,1
849,train_test_data/train/1308.png,1,0,0
850,train_test_data/train/817.png,1,0,0
851,train_test_data/train/1157.png,1,0,0
852,train_test_data/train/107.png,0,0,1
853,train_test_data/train/1729.png,1,0,0
854,train_test_data/train/1156.png,1,0,0
855,train_test_data/train/1571.png,1,0,0
856,train_test_data/train/467.png,0,1,0
857,train_test_data/train/568.png,0,0,1
858,train_test_data/train/1934.png,1,0,0
859,train_test_data/train/1646.png,1,0,0
860,train_test_data/train/1112.png,0,0,1
861,train_test_data/train/1597.png,1,0,0
862,train_test_data/train/201.png,0,0,1
863,train_test_data/train/342.png,0,1,0
864,train_test_data/train/681.png,1,0,0
865,train_test_data/train/176.png,0,1,0
866,train_test_data/train/1035.png,0,0,1
867,train_test_data/train/2274.png,0,0,1
868,train_test_data/train/1261.png,1,0,0
869,train_test_data/train/1931.png,1,0,0
870,train_test_data/train/1468.png,0,0,1
871,train_test_data/train/1860.png,0,1,0
872,train_test_data/train/1940.png,0,1,0
873,train_test_data/train/1641.png,0,0,1
874,train_test_data/train/1858.png,1,0,0
875,train_test_data/train/1788.png,1,0,0
876,train_test_data/train/1880.png,0,0,1
877,train_test_data/train/1180.png,0,1,0
878,train_test_data/train/1938.png,0,1,0
879,train_test_data/train/1939.png,1,0,0
880,train_test_data/train/1141.png,1,0,0
881,train_test_data/train/1795.png,1,0,0
882,train_test_data/train/2181.png,1,0,0
883,train_test_data/train/704.png,0,0,1
884,train_test_data/train/401.png,1,0,0
885,train_test_data/train/116.png,0,0,1
886,train_test_data/train/1433.png,1,0,0
887,train_test_data/train/570.png,1,0,0
888,train_test_data/train/1594.png,1,0,0
889,train_test_data/train/947.png,1,0,0
890,train_test_data/train/562.png,0,0,1
891,train_test_data/train/957.png,1,0,0
892,train_test_data/train/441.png,0,0,1
893,train_test_data/train/1821.png,1,0,0
894,train_test_data/train/1848.png,1,0,0
895,train_test_data/train/1751.png,0,1,0
896,train_test_data/train/1899.png,1,0,0
897,train_test_data/train/1935.png,0,0,1
898,train_test_data/train/1436.png,1,0,0
899,train_test_data/train/744.png,0,0,1
900,train_test_data/train/509.png,0,0,1
901,train_test_data/train/379.png,1,0,0
902,train_test_data/train/489.png,1,0,0
903,train_test_data/train/2003.png,1,0,0
904,train_test_data/train/1359.png,0,1,0
905,train_test_data/train/460.png,1,0,0
906,train_test_data/train/241.png,1,0,0
907,train_test_data/train/920.png,1,0,0
908,train_test_data/train/931.png,1,0,0
909,train_test_data/train/1949.png,0,1,0
910,train_test_data/train/794.png,1,0,0
911,train_test_data/train/857.png,0,0,1
912,train_test_data/train/2176.png,0,0,1
913,train_test_data/train/1918.png,1,0,0
914,train_test_data/train/332.png,1,0,0
915,train_test_data/train/706.png,1,0,0
916,train_test_data/train/876.png,0,0,1
917,train_test_data/train/1364.png,1,0,0
918,train_test_data/train/1131.png,0,1,0
919,train_test_data/train/1011.png,0,0,1
920,train_test_data/train/1539.png,0,0,1
921,train_test_data/train/1655.png,1,0,0
922,train_test_data/train/88.png,0,0,1
923,train_test_data/train/1608.png,1,0,0
924,train_test_data/train/1396.png,1,0,0
925,train_test_data/train/238.png,0,0,1
926,train_test_data/train/1832.png,1,0,0
927,train_test_data/train/1446.png,1,0,0
928,train_test_data/train/10.png,1,0,0
929,train_test_data/train/2128.png,1,0,0
930,train_test_data/train/644.png,0,0,1
931,train_test_data/train/1403.png,0,1,0
932,train_test_data/train/259.png,1,0,0
933,train_test_data/train/1027.png,0,0,1
934,train_test_data/train/1694.png,0,0,1
935,train_test_data/train/602.png,0,0,1
936,train_test_data/train/1425.png,1,0,0
937,train_test_data/train/2225.png,1,0,0
938,train_test_data/train/272.png,1,0,0
939,train_test_data/train/969.png,0,1,0
940,train_test_data/train/1463.png,0,0,1
941,train_test_data/train/915.png,0,1,0
942,train_test_data/train/1415.png,0,1,0
943,train_test_data/train/135.png,1,0,0
944,train_test_data/train/1053.png,1,0,0
945,train_test_data/train/520.png,0,0,1
946,train_test_data/train/475.png,0,1,0
947,train_test_data/train/46.png,0,0,1
948,train_test_data/train/951.png,0,0,1
949,train_test_data/train/99.png,1,0,0
950,train_test_data/train/894.png,1,0,0
951,train_test_data/train/1252.png,0,1,0
952,train_test_data/train/1684.png,1,0,0
953,train_test_data/train/1373.png,1,0,0
954,train_test_data/train/2294.png,0,0,1
955,train_test_data/train/2012.png,1,0,0
956,train_test_data/train/2343.png,1,0,0
957,train_test_data/train/158.png,1,0,0
958,train_test_data/train/472.png,0,0,1
959,train_test_data/train/833.png,0,0,1
960,train_test_data/train/1774.png,0,1,0
961,train_test_data/train/926.png,0,0,1
962,train_test_data/train/82.png,1,0,0
963,train_test_data/train/828.png,0,1,0
964,train_test_data/train/1985.png,1,0,0
965,train_test_data/train/1343.png,1,0,0
966,train_test_data/train/1363.png,0,0,1
967,train_test_data/train/92.png,1,0,0
968,train_test_data/train/856.png,0,1,0
969,train_test_data/train/2315.png,0,0,1
970,train_test_data/train/987.png,0,0,1
971,train_test_data/train/578.png,0,0,1
972,train_test_data/train/518.png,1,0,0
973,train_test_data/train/1772.png,0,0,1
974,train_test_data/train/42.png,1,0,0
975,train_test_data/train/1657.png,1,0,0
976,train_test_data/train/962.png,0,0,1
977,train_test_data/train/1243.png,0,0,1
978,train_test_data/train/1335.png,0,0,1
979,train_test_data/train/813.png,1,0,0
980,train_test_data/train/443.png,0,0,1
981,train_test_data/train/43.png,0,0,1
982,train_test_data/train/557.png,1,0,0
983,train_test_data/train/1149.png,1,0,0
984,train_test_data/train/2019.png,0,0,1
985,train_test_data/train/1039.png,1,0,0
986,train_test_data/train/174.png,1,0,0
987,train_test_data/train/2072.png,0,1,0
988,train_test_data/train/1222.png,0,0,1
989,train_test_data/train/1120.png,1,0,0
990,train_test_data/train/875.png,0,0,1
991,train_test_data/train/2245.png,0,0,1
992,train_test_data/train/1174.png,1,0,0
993,train_test_data/train/1784.png,0,0,1
994,train_test_data/train/563.png,0,0,1
995,train_test_data/train/323.png,1,0,0
996,train_test_data/train/2054.png,0,0,1
997,train_test_data/train/71.png,1,0,0
998,train_test_data/train/810.png,1,0,0
999,train_test_data/train/14.png,1,0,0
1000,train_test_data/train/525.png,1,0,0
1001,train_test_data/train/1521.png,0,0,1
1002,train_test_data/train/93.png,0,0,1
1003,train_test_data/train/1402.png,1,0,0
1004,train_test_data/train/2184.png,0,1,0
1005,train_test_data/train/1883.png,0,0,1
1006,train_test_data/train/2078.png,1,0,0
1007,train_test_data/train/820.png,0,0,1
1008,train_test_data/train/622.png,1,0,0
1009,train_test_data/train/1345.png,0,0,1
1010,train_test_data/train/1639.png,0,1,0
1011,train_test_data/train/1217.png,1,0,0
1012,train_test_data/train/464.png,0,0,1
1013,train_test_data/train/621.png,0,0,1
1014,train_test_data/train/1850.png,0,0,1
1015,train_test_data/train/406.png,0,0,1
1016,train_test_data/train/2062.png,0,0,1
1017,train_test_data/train/1165.png,0,0,1
1018,train_test_data/train/111.png,0,0,1
1019,train_test_data/train/583.png,1,0,0
1020,train_test_data/train/994.png,1,0,0
1021,train_test_data/train/1236.png,0,0,1
1022,train_test_data/train/2251.png,0,0,1
1023,train_test_data/train/1151.png,1,0,0
1024,train_test_data/train/346.png,0,0,1
1025,train_test_data/train/1102.png,0,0,1
1026,train_test_data/train/1223.png,1,0,0
1027,train_test_data/train/181.png,1,0,0
1028,train_test_data/train/281.png,0,0,1
1029,train_test_data/train/1279.png,0,0,1
1030,train_test_data/train/925.png,0,0,1
1031,train_test_data/train/565.png,1,0,0
1032,train_test_data/train/1211.png,1,0,0
1033,train_test_data/train/2049.png,1,0,0
1034,train_test_data/train/368.png,0,0,1
1035,train_test_data/train/1852.png,1,0,0
1036,train_test_data/train/350.png,0,0,1
1037,train_test_data/train/1196.png,0,0,1
1038,train_test_data/train/2301.png,1,0,0
1039,train_test_data/train/641.png,0,0,1
1040,train_test_data/train/1569.png,0,0,1
1041,train_test_data/train/1625.png,0,0,1
1042,train_test_data/train/1341.png,0,0,1
1043,train_test_data/train/1951.png,1,0,0
1044,train_test_data/train/1888.png,1,0,0
1045,train_test_data/train/1919.png,0,1,0
1046,train_test_data/train/1541.png,1,0,0
1047,train_test_data/train/596.png,0,0,1
1048,train_test_data/train/1701.png,1,0,0
1049,train_test_data/train/1579.png,0,0,1
1050,train_test_data/train/1537.png,0,0,1
1051,train_test_data/train/2254.png,0,0,1
1052,train_test_data/train/1031.png,0,0,1
1053,train_test_data/train/981.png,0,1,0
1054,train_test_data/train/1891.png,0,0,1
1055,train_test_data/train/843.png,0,0,1
1056,train_test_data/train/256.png,0,0,1
1057,train_test_data/train/2326.png,1,0,0
1058,train_test_data/train/5.png,1,0,0
1059,train_test_data/train/1134.png,0,0,1
1060,train_test_data/train/1946.png,1,0,0
1061,train_test_data/train/2208.png,0,0,1
1062,train_test_data/train/1933.png,1,0,0
1063,train_test_data/train/1531.png,0,0,1
1064,train_test_data/train/293.png,1,0,0
1065,train_test_data/train/84.png,1,0,0
1066,train_test_data/train/2212.png,0,0,1
1067,train_test_data/train/1086.png,1,0,0
1068,train_test_data/train/2159.png,0,0,1
1069,train_test_data/train/2191.png,1,0,0
1070,train_test_data/train/1840.png,1,0,0
1071,train_test_data/train/2002.png,1,0,0
1072,train_test_data/train/998.png,0,1,0
1073,train_test_data/train/1909.png,1,0,0
1074,train_test_data/train/1787.png,0,1,0
1075,train_test_data/train/703.png,1,0,0
1076,train_test_data/train/1586.png,1,0,0
1077,train_test_data/train/1507.png,1,0,0
1078,train_test_data/train/1588.png,0,1,0
1079,train_test_data/train/1982.png,1,0,0
1080,train_test_data/train/1260.png,1,0,0
1081,train_test_data/train/1986.png,1,0,0
1082,train_test_data/train/1747.png,1,0,0
1083,train_test_data/train/730.png,1,0,0
1084,train_test_data/train/2213.png,1,0,0
1085,train_test_data/train/531.png,1,0,0
1086,train_test_data/train/2022.png,1,0,0
1087,train_test_data/train/165.png,1,0,0
1088,train_test_data/train/2102.png,0,0,1
1089,train_test_data/train/1309.png,0,0,1
1090,train_test_data/train/1210.png,1,0,0
1091,train_test_data/train/2009.png,1,0,0
1092,train_test_data/train/399.png,0,0,1
1093,train_test_data/train/2093.png,1,0,0
1094,train_test_data/train/2283.png,0,0,1
1095,train_test_data/train/1303.png,0,0,1
1096,train_test_data/train/3.png,0,0,1
1097,train_test_data/train/1677.png,0,0,1
1098,train_test_data/train/1414.png,1,0,0
1099,train_test_data/train/2155.png,0,0,1
1100,train_test_data/train/179.png,1,0,0
1101,train_test_data/train/2148.png,0,0,1
1102,train_test_data/train/0.png,0,1,0
1103,train_test_data/train/434.png,0,0,1
1104,train_test_data/train/2004.png,1,0,0
1105,train_test_data/train/1138.png,0,0,1
1106,train_test_data/train/2239.png,0,0,1
1107,train_test_data/train/250.png,1,0,0
1108,train_test_data/train/156.png,1,0,0
1109,train_test_data/train/788.png,0,0,1
1110,train_test_data/train/2336.png,1,0,0
1111,train_test_data/train/395.png,1,0,0
1112,train_test_data/train/61.png,0,0,1
1113,train_test_data/train/2051.png,0,0,1
1114,train_test_data/train/2206.png,0,0,1
1115,train_test_data/train/979.png,1,0,0
1116,train_test_data/train/895.png,1,0,0
1117,train_test_data/train/1213.png,0,0,1
1118,train_test_data/train/2229.png,0,0,1
1119,train_test_data/train/1458.png,0,0,1
1120,train_test_data/train/1553.png,1,0,0
1121,train_test_data/train/2344.png,0,0,1
1122,train_test_data/train/1154.png,1,0,0
1123,train_test_data/train/923.png,1,0,0
1124,train_test_data/train/1221.png,0,0,1
1125,train_test_data/train/547.png,0,0,1
1126,train_test_data/train/1638.png,0,0,1
1127,train_test_data/train/154.png,0,1,0
1128,train_test_data/train/63.png,0,1,0
1129,train_test_data/train/918.png,1,0,0
1130,train_test_data/train/20.png,0,0,1
1131,train_test_data/train/2048.png,0,0,1
1132,train_test_data/train/2252.png,1,0,0
1133,train_test_data/train/228.png,1,0,0
1134,train_test_data/train/1793.png,1,0,0
1135,train_test_data/train/2265.png,0,1,0
1136,train_test_data/train/2319.png,1,0,0
1137,train_test_data/train/1624.png,0,0,1
1138,train_test_data/train/903.png,1,0,0
1139,train_test_data/train/1452.png,0,1,0
1140,train_test_data/train/900.png,1,0,0
1141,train_test_data/train/117.png,1,0,0
1142,train_test_data/train/877.png,0,0,1
1143,train_test_data/train/324.png,1,0,0
1144,train_test_data/train/477.png,1,0,0
1145,train_test_data/train/327.png,0,0,1
1146,train_test_data/train/2122.png,1,0,0
1147,train_test_data/train/1894.png,0,0,1
1148,train_test_data/train/2103.png,1,0,0
1149,train_test_data/train/1984.png,1,0,0
1150,train_test_data/train/1485.png,1,0,0
1151,train_test_data/train/444.png,0,0,1
1152,train_test_data/train/529.png,1,0,0
1153,train_test_data/train/2272.png,0,0,1
1154,train_test_data/train/1334.png,1,0,0
1155,train_test_data/train/1233.png,0,0,1
1156,train_test_data/train/67.png,0,1,0
1157,train_test_data/train/1241.png,1,0,0
1158,train_test_data/train/629.png,0,1,0
1159,train_test_data/train/233.png,0,0,1
1160,train_test_data/train/734.png,0,0,1
1161,train_test_data/train/1416.png,0,0,1
1162,train_test_data/train/654.png,0,0,1
1163,train_test_data/train/799.png,0,0,1
1164,train_test_data/train/1429.png,1,0,0
1165,train_test_data/train/2182.png,0,0,1
1166,train_test_data/train/1342.png,0,0,1
1167,train_test_data/train/185.png,1,0,0
1168,train_test_data/train/1529.png,0,0,1
1169,train_test_data/train/787.png,0,1,0
1170,train_test_data/train/1660.png,0,0,1
1171,train_test_data/train/1269.png,1,0,0
1172,train_test_data/train/1617.png,0,0,1
1173,train_test_data/train/637.png,1,0,0
1174,train_test_data/train/131.png,1,0,0
1175,train_test_data/train/625.png,1,0,0
1176,train_test_data/train/2204.png,0,1,0
1177,train_test_data/train/692.png,0,0,1
1178,train_test_data/train/679.png,0,0,1
1179,train_test_data/train/2298.png,1,0,0
1180,train_test_data/train/888.png,0,0,1
1181,train_test_data/train/1234.png,1,0,0
1182,train_test_data/train/2071.png,0,1,0
1183,train_test_data/train/311.png,0,0,1
1184,train_test_data/train/1172.png,0,0,1
1185,train_test_data/train/526.png,0,0,1
1186,train_test_data/train/1139.png,1,0,0
1187,train_test_data/train/1083.png,0,0,1
1188,train_test_data/train/945.png,1,0,0
1189,train_test_data/train/312.png,0,0,1
1190,train_test_data/train/1016.png,1,0,0
1191,train_test_data/train/1604.png,0,0,1
1192,train_test_data/train/1897.png,0,0,1
1193,train_test_data/train/1562.png,0,1,0
1194,train_test_data/train/2259.png,0,0,1
1195,train_test_data/train/315.png,1,0,0
1196,train_test_data/train/455.png,1,0,0
1197,train_test_data/train/1399.png,0,0,1
1198,train_test_data/train/2160.png,1,0,0
1199,train_test_data/train/2255.png,0,1,0
1200,train_test_data/train/1374.png,1,0,0
1201,train_test_data/train/697.png,0,0,1
1202,train_test_data/train/1401.png,0,1,0
1203,train_test_data/train/504.png,0,0,1
1204,train_test_data/train/1807.png,0,0,1
1205,train_test_data/train/1235.png,0,0,1
1206,train_test_data/train/844.png,1,0,0
1207,train_test_data/train/23.png,0,1,0
1208,train_test_data/train/173.png,0,0,1
1209,train_test_data/train/712.png,1,0,0
1210,train_test_data/train/779.png,0,0,1
1211,train_test_data/train/1593.png,0,1,0
1212,train_test_data/train/150.png,1,0,0
1213,train_test_data/train/1997.png,0,0,1
1214,train_test_data/train/930.png,0,0,1
1215,train_test_data/train/2021.png,1,0,0
1216,train_test_data/train/1043.png,1,0,0
1217,train_test_data/train/1649.png,0,1,0
1218,train_test_data/train/106.png,0,0,1
1219,train_test_data/train/2221.png,0,0,1
1220,train_test_data/train/889.png,1,0,0
1221,train_test_data/train/291.png,0,1,0
1222,train_test_data/train/748.png,1,0,0
1223,train_test_data/train/1670.png,0,1,0
1224,train_test_data/train/1724.png,0,0,1
1225,train_test_data/train/1950.png,1,0,0
1226,train_test_data/train/1101.png,0,1,0
1227,train_test_data/train/523.png,0,0,1
1228,train_test_data/train/296.png,0,0,1
1229,train_test_data/train/1690.png,0,0,1
1230,train_test_data/train/912.png,1,0,0
1231,train_test_data/train/1032.png,0,0,1
1232,train_test_data/train/2126.png,1,0,0
1233,train_test_data/train/316.png,0,0,1
1234,train_test_data/train/1743.png,0,0,1
1235,train_test_data/train/314.png,0,0,1
1236,train_test_data/train/214.png,1,0,0
1237,train_test_data/train/1854.png,1,0,0
1238,train_test_data/train/1955.png,0,0,1
1239,train_test_data/train/1098.png,1,0,0
1240,train_test_data/train/1558.png,0,0,1
1241,train_test_data/train/2124.png,1,0,0
1242,train_test_data/train/372.png,1,0,0
1243,train_test_data/train/300.png,0,0,1
1244,train_test_data/train/713.png,1,0,0
1245,train_test_data/train/1106.png,0,0,1
1246,train_test_data/train/774.png,0,0,1
1247,train_test_data/train/425.png,0,1,0
1248,train_test_data/train/1672.png,1,0,0
1249,train_test_data/train/1417.png,0,0,1
1250,train_test_data/train/1613.png,0,0,1
1251,train_test_data/train/49.png,0,0,1
1252,train_test_data/train/527.png,1,0,0
1253,train_test_data/train/1328.png,1,0,0
1254,train_test_data/train/2037.png,1,0,0
1255,train_test_data/train/1836.png,0,0,1
1256,train_test_data/train/1230.png,0,1,0
1257,train_test_data/train/493.png,1,0,0
1258,train_test_data/train/411.png,1,0,0
1259,train_test_data/train/1995.png,1,0,0
1260,train_test_data/train/497.png,0,1,0
1261,train_test_data/train/121.png,0,0,1
1262,train_test_data/train/1119.png,0,0,1
1263,train_test_data/train/1410.png,0,0,1
1264,train_test_data/train/2171.png,1,0,0
1265,train_test_data/train/1331.png,0,0,1
1266,train_test_data/train/1171.png,0,0,1
1267,train_test_data/train/28.png,0,0,1
1268,train_test_data/train/805.png,1,0,0
1269,train_test_data/train/373.png,0,1,0
1270,train_test_data/train/76.png,0,0,1
1271,train_test_data/train/778.png,0,1,0
1272,train_test_data/train/1801.png,0,0,1
1273,train_test_data/train/1811.png,1,0,0
1274,train_test_data/train/2013.png,1,0,0
1275,train_test_data/train/1460.png,1,0,0
1276,train_test_data/train/2121.png,0,1,0
1277,train_test_data/train/2290.png,1,0,0
1278,train_test_data/train/347.png,0,0,1
1279,train_test_data/train/1820.png,0,1,0
1280,train_test_data/train/1631.png,0,1,0
1281,train_test_data/train/1643.png,1,0,0
1282,train_test_data/train/1081.png,1,0,0
1283,train_test_data/train/1609.png,0,0,1
1284,train_test_data/train/1454.png,0,0,1
1285,train_test_data/train/1970.png,1,0,0
1286,train_test_data/train/677.png,1,0,0
1287,train_test_data/train/1070.png,1,0,0
1288,train_test_data/train/1681.png,1,0,0
1289,train_test_data/train/1719.png,0,0,1
1290,train_test_data/train/521.png,0,1,0
1291,train_test_data/train/1792.png,0,0,1
1292,train_test_data/train/128.png,1,0,0
1293,train_test_data/train/656.png,0,0,1
1294,train_test_data/train/1064.png,1,0,0
1295,train_test_data/train/32.png,0,0,1
1296,train_test_data/train/765.png,0,0,1
1297,train_test_data/train/1771.png,1,0,0
1298,train_test_data/train/1634.png,1,0,0
1299,train_test_data/train/736.png,0,0,1
1300,train_test_data/train/51.png,0,1,0
1301,train_test_data/train/2322.png,0,0,1
1302,train_test_data/train/407.png,0,0,1
1303,train_test_data/train/1768.png,0,1,0
1304,train_test_data/train/1450.png,1,0,0
1305,train_test_data/train/1323.png,0,0,1
1306,train_test_data/train/1595.png,0,0,1
1307,train_test_data/train/137.png,0,0,1
1308,train_test_data/train/2097.png,0,0,1
1309,train_test_data/train/1683.png,1,0,0
1310,train_test_data/train/896.png,0,0,1
1311,train_test_data/train/7.png,1,0,0
1312,train_test_data/train/2311.png,1,0,0
1313,train_test_data/train/517.png,0,0,1
1314,train_test_data/train/1875.png,0,0,1
1315,train_test_data/train/1440.png,0,1,0
1316,train_test_data/train/2331.png,1,0,0
1317,train_test_data/train/55.png,1,0,0
1318,train_test_data/train/334.png,0,1,0
1319,train_test_data/train/371.png,0,1,0
1320,train_test_data/train/1674.png,1,0,0
1321,train_test_data/train/2268.png,1,0,0
1322,train_test_data/train/68.png,1,0,0
1323,train_test_data/train/601.png,0,0,1
1324,train_test_data/train/1315.png,1,0,0
1325,train_test_data/train/66.png,1,0,0
1326,train_test_data/train/2236.png,1,0,0
1327,train_test_data/train/1723.png,0,0,1
1328,train_test_data/train/2292.png,1,0,0
1329,train_test_data/train/2029.png,1,0,0
1330,train_test_data/train/1306.png,1,0,0
1331,train_test_data/train/892.png,1,0,0
1332,train_test_data/train/197.png,1,0,0
1333,train_test_data/train/1044.png,1,0,0
1334,train_test_data/train/1782.png,1,0,0
1335,train_test_data/train/1372.png,1,0,0
1336,train_test_data/train/2316.png,1,0,0
1337,train_test_data/train/384.png,0,0,1
1338,train_test_data/train/343.png,1,0,0
1339,train_test_data/train/2098.png,1,0,0
1340,train_test_data/train/848.png,1,0,0
1341,train_test_data/train/907.png,0,0,1
1342,train_test_data/train/759.png,0,0,1
1343,train_test_data/train/1906.png,1,0,0
1344,train_test_data/train/1825.png,0,0,1
1345,train_test_data/train/1879.png,0,0,1
1346,train_test_data/train/2042.png,1,0,0
1347,train_test_data/train/753.png,0,0,1
1348,train_test_data/train/1212.png,0,0,1
1349,train_test_data/train/2257.png,0,1,0
1350,train_test_data/train/198.png,0,0,1
1351,train_test_data/train/1075.png,1,0,0
1352,train_test_data/train/846.png,0,0,1
1353,train_test_data/train/427.png,1,0,0
1354,train_test_data/train/1218.png,0,0,1
1355,train_test_data/train/1781.png,1,0,0
1356,train_test_data/train/605.png,1,0,0
1357,train_test_data/train/1215.png,0,0,1
1358,train_test_data/train/1298.png,1,0,0
1359,train_test_data/train/501.png,1,0,0
1360,train_test_data/train/2339.png,1,0,0
1361,train_test_data/train/1560.png,0,0,1
1362,train_test_data/train/1387.png,1,0,0
1363,train_test_data/train/438.png,1,0,0
1364,train_test_data/train/2020.png,1,0,0
1365,train_test_data/train/1810.png,1,0,0
1366,train_test_data/train/961.png,0,0,1
1367,train_test_data/train/1063.png,1,0,0
1368,train_test_data/train/1666.png,0,1,0
1369,train_test_data/train/522.png,1,0,0
1370,train_test_data/train/1718.png,1,0,0
1371,train_test_data/train/104.png,1,0,0
1372,train_test_data/train/939.png,1,0,0
1373,train_test_data/train/2017.png,1,0,0
1374,train_test_data/train/825.png,1,0,0
1375,train_test_data/train/466.png,0,1,0
1376,train_test_data/train/1143.png,1,0,0
1377,train_test_data/train/184.png,0,1,0
1378,train_test_data/train/619.png,1,0,0
1379,train_test_data/train/2306.png,0,0,1
1380,train_test_data/train/839.png,1,0,0
1381,train_test_data/train/586.png,0,1,0
1382,train_test_data/train/1091.png,0,0,1
1383,train_test_data/train/239.png,1,0,0
1384,train_test_data/train/1517.png,0,1,0
1385,train_test_data/train/2269.png,1,0,0
1386,train_test_data/train/1789.png,0,0,1
1387,train_test_data/train/1388.png,0,1,0
1388,train_test_data/train/1972.png,0,0,1
1389,train_test_data/train/823.png,0,1,0
1390,train_test_data/train/552.png,0,0,1
1391,train_test_data/train/1146.png,0,1,0
1392,train_test_data/train/922.png,0,0,1
1393,train_test_data/train/2193.png,0,0,1
1394,train_test_data/train/1866.png,1,0,0
1395,train_test_data/train/1654.png,0,0,1
1396,train_test_data/train/159.png,0,0,1
1397,train_test_data/train/1592.png,0,0,1
1398,train_test_data/train/726.png,1,0,0
1399,train_test_data/train/2279.png,1,0,0
1400,train_test_data/train/26.png,1,0,0
1401,train_test_data/train/442.png,1,0,0
1402,train_test_data/train/268.png,1,0,0
1403,train_test_data/train/785.png,0,1,0
1404,train_test_data/train/2052.png,0,0,1
1405,train_test_data/train/1960.png,1,0,0
1406,train_test_data/train/2068.png,0,0,1
1407,train_test_data/train/391.png,0,0,1
1408,train_test_data/train/271.png,0,0,1
1409,train_test_data/train/2127.png,0,0,1
1410,train_test_data/train/459.png,0,1,0
1411,train_test_data/train/100.png,1,0,0
1412,train_test_data/train/579.png,0,0,1
1413,train_test_data/train/1599.png,1,0,0
1414,train_test_data/train/1803.png,0,0,1
1415,train_test_data/train/1179.png,0,0,1
1416,train_test_data/train/2312.png,1,0,0
1417,train_test_data/train/916.png,0,0,1
1418,train_test_data/train/202.png,0,0,1
1419,train_test_data/train/770.png,1,0,0
1420,train_test_data/train/1136.png,1,0,0
1421,train_test_data/train/990.png,0,0,1
1422,train_test_data/train/953.png,1,0,0
1423,train_test_data/train/1979.png,1,0,0
1424,train_test_data/train/761.png,0,1,0
1425,train_test_data/train/2172.png,0,0,1
1426,train_test_data/train/114.png,1,0,0
1427,train_test_data/train/2161.png,1,0,0
1428,train_test_data/train/898.png,0,1,0
1429,train_test_data/train/2120.png,1,0,0
1430,train_test_data/train/1853.png,1,0,0
1431,train_test_data/train/1869.png,1,0,0
1432,train_test_data/train/1829.png,0,0,1
1433,train_test_data/train/1375.png,1,0,0
1434,train_test_data/train/1264.png,1,0,0
1435,train_test_data/train/2145.png,1,0,0
1436,train_test_data/train/539.png,1,0,0
1437,train_test_data/train/2133.png,1,0,0
1438,train_test_data/train/1067.png,0,0,1
1439,train_test_data/train/737.png,1,0,0
1440,train_test_data/train/714.png,1,0,0
1441,train_test_data/train/432.png,0,0,1
1442,train_test_data/train/868.png,0,0,1
1443,train_test_data/train/1498.png,0,1,0
1444,train_test_data/train/27.png,0,0,1
1445,train_test_data/train/2060.png,0,0,1
1446,train_test_data/train/1461.png,1,0,0
1447,train_test_data/train/2016.png,0,1,0
1448,train_test_data/train/914.png,0,0,1
1449,train_test_data/train/899.png,1,0,0
1450,train_test_data/train/1351.png,0,0,1
1451,train_test_data/train/1097.png,0,0,1
1452,train_test_data/train/1953.png,0,1,0
1453,train_test_data/train/604.png,0,0,1
1454,train_test_data/train/690.png,1,0,0
1455,train_test_data/train/30.png,0,1,0
1456,train_test_data/train/1330.png,0,1,0
1457,train_test_data/train/1017.png,0,0,1
1458,train_test_data/train/119.png,1,0,0
1459,train_test_data/train/1250.png,0,0,1
1460,train_test_data/train/234.png,1,0,0
1461,train_test_data/train/2327.png,0,0,1
1462,train_test_data/train/1924.png,1,0,0
1463,train_test_data/train/453.png,1,0,0
1464,train_test_data/train/1322.png,0,0,1
1465,train_test_data/train/1947.png,0,1,0
1466,train_test_data/train/725.png,1,0,0
1467,train_test_data/train/1874.png,1,0,0
1468,train_test_data/train/913.png,0,0,1
1469,train_test_data/train/1135.png,1,0,0
1470,train_test_data/train/2066.png,1,0,0
1471,train_test_data/train/89.png,1,0,0
1472,train_test_data/train/417.png,1,0,0
1473,train_test_data/train/1659.png,0,0,1
1474,train_test_data/train/1470.png,1,0,0
1475,train_test_data/train/2015.png,1,0,0
1476,train_test_data/train/428.png,0,0,1
1477,train_test_data/train/152.png,1,0,0
1478,train_test_data/train/795.png,0,0,1
1479,train_test_data/train/1712.png,1,0,0
1480,train_test_data/train/1084.png,1,0,0
1481,train_test_data/train/1515.png,1,0,0
1482,train_test_data/train/2082.png,0,0,1
1483,train_test_data/train/1434.png,1,0,0
1484,train_test_data/train/120.png,0,0,1
1485,train_test_data/train/1522.png,1,0,0
1486,train_test_data/train/1610.png,0,0,1
1487,train_test_data/train/1502.png,0,1,0
1488,train_test_data/train/1691.png,1,0,0
1489,train_test_data/train/1206.png,1,0,0
1490,train_test_data/train/612.png,1,0,0
1491,train_test_data/train/910.png,0,0,1
1492,train_test_data/train/2100.png,1,0,0
1493,train_test_data/train/1058.png,0,0,1
1494,train_test_data/train/1253.png,1,0,0
1495,train_test_data/train/115.png,0,0,1
1496,train_test_data/train/380.png,1,0,0
1497,train_test_data/train/2034.png,0,0,1
1498,train_test_data/train/125.png,0,0,1
1499,train_test_data/train/400.png,0,0,1
1500,train_test_data/train/31.png,0,0,1
1501,train_test_data/train/952.png,1,0,0
1502,train_test_data/train/167.png,1,0,0
1503,train_test_data/train/1971.png,1,0,0
1504,train_test_data/train/44.png,1,0,0
1505,train_test_data/train/884.png,0,0,1
1506,train_test_data/train/2185.png,0,1,0
1507,train_test_data/train/1736.png,0,1,0
1508,train_test_data/train/337.png,1,0,0
1509,train_test_data/train/1709.png,1,0,0
1510,train_test_data/train/163.png,1,0,0
1511,train_test_data/train/1662.png,0,0,1
1512,train_test_data/train/129.png,1,0,0
1513,train_test_data/train/2091.png,0,0,1
1514,train_test_data/train/1555.png,1,0,0
1515,train_test_data/train/1596.png,1,0,0
1516,train_test_data/train/1023.png,1,0,0
1517,train_test_data/train/2139.png,1,0,0
1518,train_test_data/train/685.png,1,0,0
1519,train_test_data/train/1431.png,1,0,0
1520,train_test_data/train/781.png,0,1,0
1521,train_test_data/train/760.png,0,0,1
1522,train_test_data/train/1732.png,0,1,0
1523,train_test_data/train/1752.png,0,1,0
1524,train_test_data/train/1076.png,1,0,0
1525,train_test_data/train/408.png,0,0,1
1526,train_test_data/train/626.png,0,0,1
1527,train_test_data/train/1148.png,0,0,1
1528,train_test_data/train/909.png,1,0,0
1529,train_test_data/train/2057.png,1,0,0
1530,train_test_data/train/1533.png,0,0,1
1531,train_test_data/train/1976.png,1,0,0
1532,train_test_data/train/2026.png,0,0,1
1533,train_test_data/train/865.png,0,1,0
1534,train_test_data/train/538.png,1,0,0
1535,train_test_data/train/1725.png,1,0,0
1536,train_test_data/train/75.png,0,0,1
1537,train_test_data/train/294.png,0,0,1
1538,train_test_data/train/249.png,0,0,1
1539,train_test_data/train/1128.png,0,0,1
1540,train_test_data/train/365.png,0,1,0
1541,train_test_data/train/1164.png,0,0,1
1542,train_test_data/train/845.png,1,0,0
1543,train_test_data/train/65.png,0,0,1
1544,train_test_data/train/2046.png,0,0,1
1545,train_test_data/train/77.png,1,0,0
1546,train_test_data/train/2125.png,1,0,0
1547,train_test_data/train/1408.png,0,0,1
1548,train_test_data/train/1009.png,1,0,0
1549,train_test_data/train/40.png,1,0,0
1550,train_test_data/train/232.png,1,0,0
1551,train_test_data/train/1021.png,1,0,0
1552,train_test_data/train/623.png,1,0,0
1553,train_test_data/train/1480.png,0,0,1
1554,train_test_data/train/2140.png,0,1,0
1555,train_test_data/train/1635.png,1,0,0
1556,train_test_data/train/546.png,0,0,1
1557,train_test_data/train/2080.png,1,0,0
1558,train_test_data/train/1796.png,0,1,0
1559,train_test_data/train/859.png,1,0,0
1560,train_test_data/train/872.png,0,0,1
1561,train_test_data/train/1965.png,1,0,0
1562,train_test_data/train/2167.png,1,0,0
1563,train_test_data/train/1567.png,1,0,0
1564,train_test_data/train/2142.png,0,0,1
1565,train_test_data/train/675.png,1,0,0
1566,train_test_data/train/2063.png,0,0,1
1567,train_test_data/train/897.png,0,0,1
1568,train_test_data/train/503.png,0,0,1
1569,train_test_data/train/132.png,0,0,1
1570,train_test_data/train/1329.png,1,0,0
1571,train_test_data/train/1665.png,1,0,0
1572,train_test_data/train/1493.png,1,0,0
1573,train_test_data/train/2275.png,0,0,1
1574,train_test_data/train/367.png,1,0,0
1575,train_test_data/train/2330.png,1,0,0
1576,train_test_data/train/2119.png,0,0,1
1577,train_test_data/train/146.png,1,0,0
1578,train_test_data/train/220.png,1,0,0
1579,train_test_data/train/412.png,0,1,0
1580,train_test_data/train/2096.png,1,0,0
1581,train_test_data/train/1232.png,0,0,1
1582,train_test_data/train/1158.png,1,0,0
1583,train_test_data/train/2110.png,0,1,0
1584,train_test_data/train/1958.png,1,0,0
1585,train_test_data/train/1763.png,0,0,1
1586,train_test_data/train/754.png,0,0,1
1587,train_test_data/train/463.png,0,0,1
1588,train_test_data/train/1713.png,0,1,0
1589,train_test_data/train/2055.png,1,0,0
1590,train_test_data/train/2338.png,1,0,0
1591,train_test_data/train/488.png,0,0,1
1592,train_test_data/train/2067.png,0,0,1
1593,train_test_data/train/1390.png,1,0,0
1594,train_test_data/train/449.png,1,0,0
1595,train_test_data/train/1710.png,0,1,0
1596,train_test_data/train/1274.png,0,1,0
1597,train_test_data/train/1273.png,1,0,0
1598,train_test_data/train/162.png,0,0,1
1599,train_test_data/train/2.png,1,0,0
1600,train_test_data/train/1734.png,1,0,0
1601,train_test_data/train/936.png,1,0,0
1602,train_test_data/train/2309.png,1,0,0
1603,train_test_data/train/1704.png,1,0,0
1604,train_test_data/train/886.png,1,0,0
1605,train_test_data/train/64.png,1,0,0
1606,train_test_data/train/295.png,0,0,1
1607,train_test_data/train/1150.png,0,0,1
1608,train_test_data/train/330.png,1,0,0
1609,train_test_data/train/609.png,0,1,0
1610,train_test_data/train/835.png,1,0,0
1611,train_test_data/train/1767.png,1,0,0
1612,train_test_data/train/1564.png,0,0,1
1613,train_test_data/train/2288.png,0,0,1
1614,train_test_data/train/474.png,1,0,0
1615,train_test_data/train/874.png,1,0,0
1616,train_test_data/train/41.png,0,0,1
1617,train_test_data/train/81.png,0,0,1
1618,train_test_data/train/1680.png,0,0,1
1619,train_test_data/train/1115.png,0,0,1
1620,train_test_data/train/937.png,0,0,1
1621,train_test_data/train/2271.png,1,0,0
1622,train_test_data/train/2101.png,0,0,1
1623,train_test_data/train/439.png,1,0,0
1624,train_test_data/train/2305.png,0,0,1
1625,train_test_data/train/317.png,0,0,1
1626,train_test_data/train/2192.png,0,1,0
1627,train_test_data/train/1435.png,0,1,0
1628,train_test_data/train/1698.png,0,0,1
1629,train_test_data/train/225.png,1,0,0
1630,train_test_data/train/1216.png,0,0,1
1631,train_test_data/train/673.png,1,0,0
1632,train_test_data/train/484.png,0,0,1
1633,train_test_data/train/819.png,1,0,0
1634,train_test_data/train/457.png,0,0,1
1635,train_test_data/train/2170.png,1,0,0
1636,train_test_data/train/1072.png,1,0,0
1637,train_test_data/train/928.png,0,0,1
1638,train_test_data/train/1679.png,1,0,0
1639,train_test_data/train/763.png,0,0,1
1640,train_test_data/train/1809.png,0,1,0
1641,train_test_data/train/2201.png,0,0,1
1642,train_test_data/train/1340.png,1,0,0
1643,train_test_data/train/375.png,0,1,0
1644,train_test_data/train/2143.png,1,0,0
1645,train_test_data/train/955.png,1,0,0
1646,train_test_data/train/1714.png,1,0,0
1647,train_test_data/train/989.png,1,0,0
1648,train_test_data/train/974.png,0,0,1
1649,train_test_data/train/2163.png,1,0,0
1650,train_test_data/train/87.png,0,0,1
1651,train_test_data/train/1391.png,0,0,1
1652,train_test_data/train/270.png,0,1,0
1653,train_test_data/train/878.png,0,0,1
1654,train_test_data/train/2179.png,1,0,0
1655,train_test_data/train/580.png,1,0,0
1656,train_test_data/train/699.png,0,1,0
1657,train_test_data/train/519.png,0,0,1
1658,train_test_data/train/207.png,0,0,1
1659,train_test_data/train/1627.png,0,1,0
1660,train_test_data/train/743.png,1,0,0
1661,train_test_data/train/1601.png,1,0,0
1662,train_test_data/train/1300.png,1,0,0
1663,train_test_data/train/2222.png,0,1,0
1664,train_test_data/train/1305.png,1,0,0
1665,train_test_data/train/448.png,1,0,0
1666,train_test_data/train/183.png,0,0,1
1667,train_test_data/train/1707.png,1,0,0
1668,train_test_data/train/1041.png,0,0,1
1669,train_test_data/train/2088.png,1,0,0
1670,train_test_data/train/1467.png,0,0,1
1671,train_test_data/train/1969.png,1,0,0
1672,train_test_data/train/1779.png,0,0,1
1673,train_test_data/train/1737.png,0,0,1
1674,train_test_data/train/1966.png,0,0,1
1675,train_test_data/train/145.png,1,0,0
1676,train_test_data/train/1079.png,0,0,1
1677,train_test_data/train/1699.png,1,0,0
1678,train_test_data/train/1750.png,0,1,0
1679,train_test_data/train/2134.png,0,0,1
1680,train_test_data/train/45.png,0,0,1
1681,train_test_data/train/1552.png,1,0,0
1682,train_test_data/train/1974.png,0,0,1
1683,train_test_data/train/414.png,1,0,0
1684,train_test_data/train/1573.png,0,0,1
1685,train_test_data/train/535.png,1,0,0
1686,train_test_data/train/1885.png,1,0,0
1687,train_test_data/train/2308.png,1,0,0
1688,train_test_data/train/1606.png,1,0,0
1689,train_test_data/train/2035.png,1,0,0
1690,train_test_data/train/11.png,0,0,1
1691,train_test_data/train/1882.png,1,0,0
1692,train_test_data/train/245.png,1,0,0
1693,train_test_data/train/1357.png,0,0,1
1694,train_test_data/train/1248.png,0,0,1
1695,train_test_data/train/1275.png,0,0,1
1696,train_test_data/train/2243.png,1,0,0
1697,train_test_data/train/631.png,0,0,1
1698,train_test_data/train/1240.png,1,0,0
1699,train_test_data/train/867.png,1,0,0
1700,train_test_data/train/2123.png,0,0,1
1701,train_test_data/train/392.png,0,0,1
1702,train_test_data/train/177.png,0,0,1
1703,train_test_data/train/388.png,1,0,0
1704,train_test_data/train/890.png,0,0,1
1705,train_test_data/train/352.png,0,1,0
1706,train_test_data/train/1616.png,1,0,0
1707,train_test_data/train/17.png,1,0,0
1708,train_test_data/train/1078.png,0,0,1
1709,train_test_data/train/550.png,1,0,0
1710,train_test_data/train/2264.png,1,0,0
1711,train_test_data/train/1486.png,0,1,0
1712,train_test_data/train/1170.png,0,0,1
1713,train_test_data/train/273.png,0,0,1